customer_id,country_name,age,customer_name,is_subscriber,subscriber_type,num_streams
1,united_states,21.0,Kasen Todd,True,aavail_premium,23.0
2,singapore,31.0,Ensley Garza,False,,12.0
3,united_states,22.0,Lillian Carey,False,aavail_premium,22.0
4,united_states,21.0,Beau Christensen,True,aavail_basic,19.0
5,singapore,22.0,Ernesto Gibson,True,aavail_premium,23.0
6,united_states,22.0,Deshawn Murray,True,aavail_premium,
7,singapore,49.0,Daxton Tate,False,aavail_basic,18.0
8,united_states,47.0,Tenley Small,True,aavail_premium,20.0
9,united_states,22.0,Kyra Chase,False,aavail_premium,24.0
10,united_states,26.0,London Barber,False,aavail_basic,20.0
11,united_states,15.0,Rohan Rivas,True,aavail_premium,18.0
12,singapore,40.0,Romina Ross,False,aavail_unlimited,1.0
13,united_states,21.0,Liberty Moore,True,aavail_premium,21.0
14,united_states,19.0,Yusuf Huber,True,aavail_basic,22.0
15,united_states,23.0,Brantley Suarez,False,aavail_premium,20.0
16,united_states,23.0,Skyler Ray,True,aavail_basic,5.0
17,united_states,27.0,Joel Boyd,True,aavail_premium,24.0
18,singapore,45.0,Zayne Torres,False,,17.0
19,united_states,29.0,Madden Cross,True,aavail_premium,19.0
20,united_states,21.0,Jabari Eaton,True,aavail_premium,5.0
21,singapore,39.0,Claudia Hickman,False,aavail_unlimited,5.0
22,singapore,42.0,Darwin Parker,False,aavail_basic,19.0
23,united_states,23.0,Josiah Pruitt,True,aavail_unlimited,23.0
24,singapore,23.0,Derek Landry,False,aavail_basic,14.0
25,singapore,20.0,Sage Dejesus,True,aavail_basic,15.0
26,united_states,25.0,Mikaela Adams,True,aavail_premium,23.0
27,united_states,21.0,Jimmy Lee,True,aavail_basic,18.0
28,united_states,19.0,Devin Hubbard,True,aavail_basic,14.0
29,singapore,21.0,Kameron Miles,True,aavail_basic,18.0
30,united_states,40.0,Francisco Jennings,True,aavail_unlimited,21.0
31,united_states,19.0,Dalary Rubio,True,aavail_unlimited,20.0
32,singapore,25.0,Philip Cunningham,False,aavail_premium,26.0
33,united_states,28.0,Landyn Park,True,aavail_unlimited,19.0
34,singapore,38.0,Collins Ayers,False,aavail_unlimited,9.0
35,singapore,42.0,Cecilia Madden,False,aavail_premium,14.0
36,singapore,34.0,Bella Valdez,False,aavail_premium,26.0
37,united_states,38.0,Ishaan Cardenas,True,aavail_premium,23.0
38,united_states,42.0,Maddox Grimes,True,aavail_basic,21.0
39,singapore,24.0,Salma Santana,False,aavail_basic,20.0
40,singapore,22.0,Jaime Blackwell,True,aavail_basic,6.0
41,united_states,22.0,Cannon Davila,True,aavail_unlimited,19.0
42,singapore,51.0,Oliver Hinton,False,aavail_unlimited,21.0
43,united_states,33.0,Santiago Francis,True,aavail_premium,21.0
44,united_states,26.0,Remi Mayer,True,aavail_unlimited,23.0
45,singapore,25.0,Kingsley Gutierrez,True,aavail_premium,7.0
46,singapore,22.0,Megan Shepard,True,aavail_basic,
47,united_states,44.0,Robert Nava,True,aavail_basic,5.0
48,united_states,24.0,Elijah Austin,True,aavail_unlimited,19.0
49,united_states,24.0,Cash Reyes,True,aavail_premium,17.0
50,singapore,20.0,Ford Nash,True,aavail_unlimited,10.0
51,united_states,26.0,Isabella Simpson,True,aavail_basic,10.0
52,united_states,44.0,Lindsey Curry,True,,22.0
53,united_states,27.0,Chelsea Klein,False,aavail_premium,22.0
54,united_states,30.0,Kinslee Bender,True,aavail_unlimited,16.0
55,united_states,25.0,Harvey Hester,True,aavail_basic,18.0
56,united_states,18.0,Laila Sanford,True,aavail_unlimited,20.0
57,united_states,16.0,Fox Houston,True,aavail_basic,
58,united_states,42.0,Dorian Ellis,False,aavail_unlimited,18.0
59,united_states,24.0,Rafael Barnes,True,aavail_unlimited,6.0
60,united_states,20.0,Aryan Norton,True,aavail_basic,
61,united_states,23.0,Mohammad Alvarado,False,aavail_unlimited,19.0
62,united_states,45.0,Raphael Mccann,True,aavail_premium,16.0
63,united_states,27.0,Izabella Lawrence,False,aavail_premium,19.0
64,united_states,45.0,Bowen Sierra,True,aavail_basic,20.0
65,united_states,20.0,Abram Collier,True,aavail_unlimited,8.0
66,united_states,21.0,Howard Villa,True,aavail_premium,20.0
67,united_states,23.0,Harlan Webb,True,aavail_basic,21.0
68,united_states,19.0,Samara Sims,False,aavail_unlimited,23.0
69,singapore,21.0,Dominick Reilly,False,aavail_unlimited,19.0
70,united_states,22.0,Amira Chen,False,aavail_premium,23.0
71,united_states,22.0,River Mcpherson,True,aavail_premium,24.0
72,united_states,39.0,Maison Estrada,True,aavail_premium,20.0
73,united_states,24.0,Mordechai Grant,True,aavail_basic,10.0
74,united_states,42.0,Elianna Peterson,True,aavail_unlimited,23.0
75,united_states,30.0,Genesis Weaver,True,,6.0
76,united_states,22.0,Mabel Miranda,True,,22.0
77,united_states,19.0,Kamilah Dean,False,aavail_premium,20.0
78,united_states,27.0,Alfredo Mosley,True,aavail_premium,14.0
79,united_states,17.0,Magnus Barrett,False,aavail_premium,18.0
80,singapore,18.0,Jedidiah Walter,False,aavail_unlimited,10.0
81,singapore,20.0,Ophelia Avila,False,aavail_basic,18.0
82,united_states,21.0,Lexi Bradley,True,aavail_premium,22.0
83,united_states,41.0,Jairo Walters,True,aavail_unlimited,23.0
84,united_states,31.0,Javier Lowe,True,aavail_basic,22.0
85,united_states,21.0,Gibson Fernandez,True,aavail_basic,21.0
86,united_states,23.0,Lane Richard,False,aavail_basic,23.0
87,singapore,23.0,Briar Alvarez,False,aavail_premium,
88,united_states,25.0,Camille Mora,True,aavail_basic,18.0
89,united_states,22.0,Melanie Ashley,True,aavail_premium,20.0
90,united_states,20.0,Carter Sharp,True,aavail_basic,20.0
91,singapore,25.0,Baker Terrell,False,aavail_basic,
92,united_states,20.0,Callie Hammond,True,aavail_basic,21.0
93,united_states,18.0,Amber Marsh,False,aavail_premium,20.0
94,united_states,42.0,Tristan Travis,True,aavail_basic,10.0
95,singapore,39.0,Chloe Melton,True,aavail_basic,21.0
96,united_states,27.0,Dylan Lewis,True,aavail_unlimited,18.0
97,singapore,36.0,Ellis Mcconnell,False,aavail_premium,13.0
98,singapore,55.0,Nikolai Lara,False,aavail_basic,18.0
99,united_states,25.0,Orion Bell,True,aavail_premium,22.0
100,singapore,20.0,Rylan Roberson,False,aavail_premium,17.0
101,united_states,22.0,Brysen Reid,False,,24.0
102,united_states,48.0,Myra Blanchard,True,aavail_unlimited,23.0
103,united_states,33.0,Jordy Spence,True,aavail_premium,16.0
104,united_states,20.0,Alijah Copeland,True,aavail_basic,17.0
105,united_states,23.0,Keilani Woods,True,aavail_premium,5.0
106,united_states,28.0,Salvatore Robles,True,aavail_unlimited,23.0
107,united_states,24.0,Saul Rosas,True,aavail_premium,22.0
108,singapore,26.0,Scarlet Xiong,True,aavail_unlimited,10.0
109,united_states,42.0,Malik Fletcher,False,aavail_premium,15.0
110,united_states,24.0,Parker Goodwin,True,aavail_basic,21.0
111,united_states,50.0,Justice Lynch,True,aavail_premium,22.0
112,united_states,31.0,Kian Vega,True,aavail_unlimited,19.0
113,singapore,40.0,Elsie Mcgee,False,aavail_premium,25.0
114,united_states,22.0,Christina Randolph,True,aavail_unlimited,25.0
115,united_states,26.0,Myla Stevens,True,aavail_premium,18.0
116,singapore,24.0,Lara Flynn,False,aavail_premium,18.0
117,singapore,26.0,Anastasia Khan,False,aavail_basic,16.0
118,united_states,21.0,Nikolas Adkins,False,,24.0
119,united_states,17.0,Andrea Patrick,True,,18.0
120,singapore,26.0,Tate Blake,False,,12.0
121,singapore,24.0,Sky Sherman,False,aavail_unlimited,15.0
122,united_states,21.0,Cara Palmer,True,aavail_premium,20.0
123,united_states,21.0,Sutton Hanson,True,aavail_unlimited,21.0
124,singapore,42.0,Jaxxon Contreras,True,aavail_premium,13.0
125,united_states,32.0,Graysen Decker,False,aavail_basic,16.0
126,united_states,30.0,Callum Espinosa,True,aavail_premium,17.0
127,singapore,20.0,Lyla Orozco,True,aavail_basic,
128,united_states,19.0,Lyra Atkins,True,aavail_basic,22.0
129,singapore,22.0,William Pace,False,aavail_unlimited,29.0
130,united_states,27.0,Raymond Maxwell,True,aavail_unlimited,16.0
131,united_states,42.0,Everett Long,True,aavail_premium,20.0
132,united_states,29.0,Hassan Bowman,True,,20.0
133,united_states,24.0,Leonel Salgado,False,aavail_basic,21.0
134,singapore,19.0,Grey Carson,True,aavail_unlimited,11.0
135,united_states,28.0,Hope Hart,True,aavail_premium,20.0
136,united_states,22.0,Randy Trevino,True,aavail_unlimited,19.0
137,singapore,19.0,Lee Luna,False,aavail_premium,16.0
138,united_states,20.0,Ariadne Villanueva,True,aavail_basic,22.0
139,united_states,26.0,Cairo Washington,True,aavail_premium,17.0
140,singapore,24.0,Mira Frazier,True,aavail_basic,19.0
141,singapore,23.0,Rosa Franklin,False,aavail_premium,15.0
142,united_states,26.0,Ismael Carrillo,True,aavail_unlimited,20.0
143,united_states,48.0,Jaxx Noble,False,aavail_basic,20.0
144,united_states,21.0,London Miller,True,aavail_unlimited,24.0
145,united_states,26.0,Oakley Bailey,True,aavail_premium,19.0
146,united_states,20.0,Kyng Jefferson,True,aavail_basic,17.0
147,united_states,29.0,Eliana Romero,True,aavail_premium,
148,united_states,25.0,Caiden Conner,False,aavail_basic,
149,united_states,20.0,Cristian Graham,False,aavail_unlimited,17.0
150,singapore,50.0,Wade Johnson,False,aavail_unlimited,19.0
151,singapore,16.0,Aubrie Patel,True,aavail_basic,13.0
152,united_states,24.0,Kamdyn Vargas,True,aavail_basic,22.0
153,united_states,22.0,Roberto Everett,True,,19.0
154,united_states,40.0,Eduardo Gould,True,,7.0
155,singapore,23.0,Kailyn Mullen,True,aavail_basic,18.0
156,united_states,25.0,Dillon Hodge,True,aavail_basic,22.0
157,united_states,26.0,Arianna Mullins,False,aavail_basic,23.0
158,united_states,27.0,Vanessa Blackburn,True,aavail_premium,25.0
159,united_states,19.0,August Skinner,False,aavail_premium,23.0
160,singapore,27.0,Willa Lim,False,aavail_premium,7.0
161,united_states,20.0,Rogelio Richardson,True,aavail_basic,21.0
162,united_states,15.0,Delilah Oneal,True,aavail_basic,17.0
163,united_states,18.0,Savannah Peck,True,aavail_basic,17.0
164,united_states,24.0,Alejandro Reynolds,True,aavail_premium,20.0
165,united_states,56.0,Maxwell Solomon,True,aavail_premium,17.0
166,united_states,19.0,Karina Glass,True,aavail_basic,17.0
167,united_states,22.0,Tommy Berg,True,aavail_premium,19.0
168,united_states,23.0,Adrien Morrison,False,aavail_basic,19.0
169,united_states,22.0,Julian Cortez,True,aavail_premium,17.0
170,singapore,29.0,Levi Ellison,True,aavail_basic,18.0
171,singapore,22.0,Abby Mcdowell,True,aavail_unlimited,10.0
172,united_states,18.0,Axel Clayton,True,aavail_premium,16.0
173,united_states,22.0,Miller Leonard,True,aavail_premium,5.0
174,singapore,16.0,Gus Merritt,False,aavail_premium,15.0
175,singapore,20.0,Brooke Paul,True,aavail_basic,9.0
176,united_states,19.0,Sebastian Calhoun,True,aavail_basic,21.0
177,united_states,22.0,Clementine Nelson,True,aavail_unlimited,22.0
178,united_states,43.0,Kye Blevins,True,aavail_basic,20.0
179,united_states,21.0,Katherine Chandler,False,aavail_basic,18.0
180,united_states,33.0,Dane Kennedy,True,aavail_premium,20.0
181,singapore,41.0,Donovan Kent,False,aavail_premium,18.0
182,united_states,37.0,Garrett Beasley,True,aavail_unlimited,18.0
183,united_states,26.0,Aileen Mcintosh,False,aavail_basic,17.0
184,united_states,27.0,Legacy Anthony,True,aavail_premium,6.0
185,singapore,43.0,Walker Jacobson,True,aavail_basic,20.0
186,united_states,20.0,Valery Schultz,True,aavail_premium,22.0
187,united_states,28.0,Vivian Gallagher,True,aavail_unlimited,18.0
188,united_states,39.0,Archer Gilmore,True,,25.0
189,united_states,35.0,Jaxton Woodward,True,aavail_premium,22.0
190,singapore,21.0,Jett Floyd,False,aavail_premium,15.0
191,united_states,23.0,Leland Stein,True,aavail_unlimited,15.0
192,united_states,25.0,Khloe Wade,True,aavail_unlimited,25.0
193,singapore,35.0,Charlotte Patton,True,aavail_premium,17.0
194,united_states,53.0,Sabrina Morales,True,aavail_unlimited,20.0
195,singapore,29.0,Wells Arias,False,,18.0
196,united_states,20.0,Prince Hurley,True,,20.0
197,singapore,43.0,Marie Cain,False,aavail_basic,18.0
198,united_states,17.0,Ariah Davenport,False,aavail_premium,19.0
199,united_states,26.0,Jewel Delacruz,True,aavail_basic,14.0
200,united_states,30.0,Ezra Herman,True,aavail_unlimited,19.0
201,united_states,19.0,Tinley Bush,True,aavail_premium,19.0
202,singapore,21.0,Malcolm Reed,True,aavail_basic,8.0
203,united_states,20.0,Byron Gilbert,True,aavail_basic,21.0
204,united_states,22.0,Simone Wheeler,True,aavail_basic,8.0
205,united_states,43.0,Alia Bruce,True,aavail_premium,19.0
206,singapore,19.0,Lian Conrad,False,aavail_premium,
207,united_states,40.0,Augustine Gillespie,True,aavail_premium,18.0
208,united_states,24.0,Peyton Beck,True,aavail_basic,18.0
209,united_states,23.0,Omar Valencia,True,aavail_unlimited,16.0
210,united_states,20.0,Micah Freeman,True,aavail_basic,20.0
211,united_states,25.0,Gunner Marin,True,aavail_basic,25.0
212,singapore,23.0,Annabel Yu,True,aavail_unlimited,12.0
213,united_states,16.0,Elisa Holloway,True,aavail_basic,19.0
214,singapore,26.0,Quinton Dixon,True,aavail_basic,
215,united_states,23.0,Henley Bond,True,aavail_basic,25.0
216,singapore,41.0,Braden Rowe,False,,15.0
217,singapore,26.0,Graham Knox,False,aavail_unlimited,17.0
218,united_states,45.0,Malia Quintero,True,aavail_unlimited,23.0
219,united_states,22.0,Celine Hines,True,aavail_basic,22.0
220,singapore,20.0,Wren Whitehead,False,aavail_unlimited,18.0
221,united_states,22.0,Avalynn Higgins,True,aavail_premium,21.0
222,united_states,24.0,Colin Erickson,False,aavail_basic,24.0
223,united_states,21.0,Jamari Gomez,True,aavail_unlimited,25.0
224,united_states,48.0,Misael Riley,True,aavail_basic,13.0
225,united_states,36.0,Merrick Soto,True,aavail_basic,17.0
226,singapore,21.0,Ryland Vincent,True,aavail_unlimited,13.0
227,singapore,21.0,Maia Buchanan,False,aavail_unlimited,8.0
228,united_states,40.0,Noe Whitney,True,,16.0
229,united_states,19.0,Dakota Mclean,True,aavail_premium,21.0
230,united_states,38.0,Della Michael,True,aavail_premium,18.0
231,united_states,45.0,Kaylin Tucker,False,aavail_unlimited,21.0
232,singapore,39.0,Xander Bryan,True,aavail_unlimited,14.0
233,singapore,21.0,Desmond Fox,False,aavail_unlimited,20.0
234,united_states,23.0,Greyson Mcclain,True,aavail_basic,17.0
235,united_states,27.0,Dash Lam,True,aavail_basic,16.0
236,united_states,23.0,Brooklynn Watts,True,aavail_basic,16.0
237,singapore,41.0,Alexander Charles,True,aavail_basic,22.0
238,united_states,23.0,Jeremy Donaldson,True,aavail_premium,22.0
239,united_states,21.0,Emory Saunders,True,aavail_basic,18.0
240,united_states,38.0,Maurice Jarvis,True,aavail_premium,16.0
241,united_states,39.0,Mariam Stephenson,False,aavail_unlimited,25.0
242,united_states,50.0,Isabel Rodriguez,False,aavail_premium,21.0
243,singapore,54.0,Zainab Hood,False,aavail_premium,9.0
244,united_states,25.0,Camden Fitzpatrick,True,aavail_basic,13.0
245,united_states,24.0,Joe Young,True,aavail_basic,16.0
246,united_states,42.0,Ariyah Castaneda,True,aavail_basic,20.0
247,singapore,20.0,Harold Dodson,True,aavail_basic,14.0
248,singapore,26.0,Saoirse Kirk,False,aavail_unlimited,10.0
249,united_states,24.0,Kaliyah Haynes,True,aavail_basic,16.0
250,united_states,21.0,Giselle Mahoney,False,aavail_premium,22.0
251,singapore,40.0,Landry Obrien,False,aavail_premium,9.0
252,singapore,22.0,Vivaan Chan,False,,
253,united_states,21.0,Treasure Hawkins,True,aavail_basic,15.0
254,united_states,30.0,Valentin Lin,True,aavail_basic,19.0
255,united_states,24.0,Andre Randall,True,aavail_basic,19.0
256,singapore,24.0,Hayes Armstrong,False,aavail_premium,
257,united_states,23.0,Hadley Booth,True,aavail_premium,16.0
258,united_states,31.0,Kalani Thomas,True,,21.0
259,singapore,27.0,Mateo Dalton,False,aavail_premium,6.0
260,singapore,22.0,Dominik Maddox,False,aavail_basic,13.0
261,united_states,20.0,Luna Parsons,True,aavail_unlimited,21.0
262,united_states,26.0,Liana Schmidt,True,aavail_unlimited,23.0
263,singapore,22.0,Mason Swanson,False,aavail_unlimited,14.0
264,united_states,35.0,Luis Cano,True,aavail_premium,25.0
265,united_states,20.0,Linda Lloyd,False,aavail_unlimited,21.0
266,united_states,39.0,Jamie Stephens,True,aavail_basic,14.0
267,singapore,19.0,Delaney Sexton,False,aavail_premium,9.0
268,united_states,28.0,Keily Hobbs,True,aavail_basic,21.0
269,united_states,23.0,Hudson Ortega,True,aavail_premium,21.0
270,united_states,36.0,Taylor Nguyen,True,aavail_premium,24.0
271,united_states,20.0,Chanel Salazar,True,aavail_basic,19.0
272,united_states,21.0,Michelle Gallegos,True,aavail_unlimited,22.0
273,united_states,24.0,Bonnie Duncan,True,,8.0
274,united_states,21.0,Laurel James,True,aavail_unlimited,23.0
275,united_states,18.0,Dariel Esquivel,True,aavail_premium,15.0
276,united_states,24.0,Tony Munoz,True,aavail_premium,18.0
277,united_states,26.0,Kallie Valentine,True,aavail_basic,18.0
278,united_states,26.0,Avah Leblanc,True,,17.0
279,united_states,20.0,Remington Figueroa,False,aavail_premium,22.0
280,united_states,36.0,Zaniyah Maldonado,True,aavail_unlimited,14.0
281,united_states,50.0,Arlette Garner,True,aavail_unlimited,19.0
282,united_states,40.0,Mohamed Fields,True,aavail_premium,18.0
283,united_states,26.0,Kash Dominguez,False,aavail_unlimited,21.0
284,singapore,24.0,Jace Rasmussen,False,aavail_unlimited,22.0
285,united_states,26.0,Derrick Curtis,True,aavail_premium,20.0
286,united_states,24.0,Tucker Juarez,True,aavail_premium,19.0
287,united_states,17.0,Jayceon Horton,True,aavail_basic,22.0
288,united_states,27.0,Jon Rowland,True,aavail_unlimited,23.0
289,united_states,23.0,Jesse Brown,True,aavail_premium,21.0
290,united_states,24.0,Curtis Little,True,aavail_basic,23.0
291,united_states,41.0,Jaiden White,True,aavail_premium,12.0
292,united_states,18.0,Aden Duffy,False,,5.0
293,united_states,24.0,Eve Nichols,True,aavail_basic,17.0
294,united_states,25.0,Justin Stafford,True,aavail_basic,22.0
295,united_states,29.0,Bishop Weber,True,aavail_unlimited,19.0
296,united_states,26.0,Jeffrey Phan,True,aavail_unlimited,20.0
297,united_states,36.0,Caroline Brock,True,aavail_basic,6.0
298,singapore,47.0,Ariel Espinoza,False,aavail_unlimited,27.0
299,united_states,25.0,Jolie Guerra,True,aavail_premium,20.0
300,united_states,39.0,Israel Perry,True,aavail_premium,22.0
301,singapore,37.0,Jamie Fisher,False,aavail_basic,18.0
302,singapore,31.0,Joziah Spears,False,aavail_basic,16.0
303,united_states,40.0,Bowie Stevenson,True,aavail_unlimited,21.0
304,singapore,17.0,Leila Quintana,False,aavail_unlimited,12.0
305,singapore,22.0,Maleah Keller,False,aavail_basic,20.0
306,united_states,21.0,Alma Robbins,True,aavail_premium,
307,united_states,23.0,Kalel Daniel,True,aavail_premium,17.0
308,united_states,37.0,Otto Underwood,True,,22.0
309,united_states,18.0,Taliyah Garrett,True,aavail_basic,
310,united_states,51.0,Luca Tran,False,aavail_premium,13.0
311,singapore,51.0,Marcel Medina,True,aavail_basic,10.0
312,singapore,33.0,Nova Flores,False,,9.0
313,united_states,34.0,John Crosby,False,aavail_basic,20.0
314,singapore,21.0,Reign Montes,False,,1.0
315,united_states,20.0,Rosie Kramer,True,,23.0
316,singapore,20.0,Kamryn Maynard,False,aavail_premium,
317,united_states,20.0,Alaric Levy,True,aavail_premium,15.0
318,singapore,22.0,Ruben Camacho,True,aavail_premium,8.0
319,united_states,23.0,Landon Ramos,False,aavail_unlimited,19.0
320,united_states,38.0,Jonah Moran,False,aavail_basic,22.0
321,united_states,16.0,Alex Massey,True,aavail_basic,21.0
322,singapore,16.0,Amy Schneider,True,aavail_unlimited,11.0
323,united_states,21.0,Rory York,True,aavail_premium,9.0
324,united_states,22.0,Benjamin Lawson,True,aavail_premium,4.0
325,united_states,23.0,Nora Dunn,True,aavail_premium,12.0
326,united_states,35.0,Arielle Gross,True,aavail_premium,12.0
327,united_states,20.0,Finn Delgado,True,aavail_basic,21.0
328,united_states,41.0,Jillian Rios,False,aavail_unlimited,9.0
329,united_states,22.0,Vincenzo Mckinney,True,aavail_premium,19.0
330,united_states,38.0,Dax Ryan,True,aavail_unlimited,20.0
331,united_states,22.0,Keanu Sullivan,True,aavail_basic,21.0
332,united_states,21.0,Emilee Green,True,,20.0
333,united_states,25.0,Caden Vazquez,True,aavail_basic,23.0
334,united_states,42.0,Esteban Navarro,True,aavail_unlimited,21.0
335,united_states,23.0,Titus Harvey,False,aavail_basic,17.0
336,singapore,25.0,Rhys Schwartz,False,aavail_basic,18.0
337,singapore,47.0,Helen Moss,True,aavail_basic,14.0
338,united_states,35.0,Talia Edwards,True,aavail_premium,12.0
339,singapore,23.0,Dawson Orr,True,aavail_basic,18.0
340,singapore,46.0,Yosef Bentley,False,aavail_unlimited,10.0
341,singapore,28.0,Cesar Barnett,True,aavail_basic,18.0
342,singapore,25.0,Atlas Trejo,True,aavail_basic,22.0
343,united_states,22.0,Roger Reese,True,aavail_premium,19.0
344,united_states,37.0,Frank Warren,False,aavail_unlimited,17.0
345,united_states,53.0,Edwin Frederick,False,aavail_basic,21.0
346,united_states,24.0,Ana Pacheco,True,aavail_basic,19.0
347,singapore,18.0,Noemi Bradford,False,aavail_premium,
348,united_states,22.0,Duke Giles,True,aavail_unlimited,21.0
349,united_states,51.0,Kaiser Santos,True,aavail_basic,22.0
350,united_states,39.0,Carly Norris,True,aavail_basic,18.0
351,united_states,24.0,Cedric Flowers,True,aavail_basic,21.0
352,united_states,34.0,Emilia Odonnell,False,aavail_unlimited,14.0
353,united_states,33.0,Iliana Clements,True,aavail_basic,26.0
354,united_states,23.0,Albert Lowery,True,aavail_unlimited,22.0
355,united_states,22.0,Casen Mccarty,True,aavail_unlimited,22.0
356,united_states,19.0,Emmalyn Moses,True,aavail_premium,25.0
357,united_states,21.0,Miguel Lu,True,,19.0
358,singapore,22.0,Jude Mcbride,False,aavail_basic,11.0
359,united_states,19.0,Irene Durham,True,aavail_premium,20.0
360,united_states,45.0,Markus Mcguire,True,aavail_basic,18.0
361,united_states,27.0,Fernando Serrano,True,aavail_unlimited,12.0
362,united_states,15.0,Rowan Moyer,True,aavail_unlimited,17.0
363,united_states,22.0,Isaiah Herrera,True,aavail_premium,22.0
364,united_states,22.0,Trace King,True,aavail_basic,21.0
365,united_states,25.0,Angel Hurst,False,,17.0
366,singapore,20.0,Enrique Palacios,False,aavail_premium,
367,singapore,25.0,Lennox Dudley,False,aavail_unlimited,10.0
368,united_states,18.0,Louisa Lester,True,aavail_unlimited,25.0
369,united_states,20.0,Bryson Mayo,True,aavail_basic,17.0
370,singapore,25.0,Charles Tanner,True,aavail_unlimited,15.0
371,singapore,40.0,Camilo Monroe,True,aavail_premium,14.0
372,united_states,25.0,Mohammed Farley,False,aavail_basic,23.0
373,united_states,19.0,Tristian Hail,True,aavail_basic,15.0
374,united_states,47.0,Aliya Hardin,True,aavail_unlimited,9.0
375,united_states,31.0,Daniel Dickson,False,aavail_premium,22.0
376,united_states,20.0,Julius Leacock,True,aavail_basic,20.0
377,united_states,53.0,Zariyah Velazquez,True,aavail_premium,19.0
378,united_states,19.0,Lorenzo Magana,True,aavail_premium,22.0
379,united_states,24.0,Mya Humphrey,False,aavail_premium,17.0
380,united_states,36.0,Arthur Dyer,True,aavail_basic,17.0
381,united_states,33.0,Arian Cobb,True,,18.0
382,united_states,42.0,Elizabeth Baxter,True,aavail_basic,13.0
383,united_states,22.0,Gabriella Stanton,True,aavail_basic,20.0
384,united_states,21.0,Dayana Petersen,True,aavail_premium,24.0
385,singapore,24.0,Vienna Hoover,False,aavail_unlimited,11.0
386,united_states,18.0,Egypt Carr,True,aavail_premium,20.0
387,united_states,17.0,Keith Burgess,True,aavail_basic,19.0
388,united_states,21.0,Jaxtyn Galindo,True,aavail_unlimited,18.0
389,united_states,47.0,Jada Scott,True,aavail_premium,15.0
390,singapore,25.0,Kaiya Hutchinson,True,aavail_unlimited,13.0
391,singapore,21.0,Kaylee Acevedo,True,aavail_basic,11.0
392,united_states,28.0,Bryce Morrow,True,aavail_premium,20.0
393,united_states,27.0,Gatlin Mack,True,aavail_premium,3.0
394,singapore,23.0,Selena Shaffer,False,aavail_unlimited,10.0
395,singapore,24.0,Caleb Fleming,False,aavail_basic,
396,united_states,23.0,Liliana Morse,True,,17.0
397,singapore,22.0,Eleanor Huffman,True,aavail_basic,15.0
398,singapore,34.0,Emanuel Oneill,False,aavail_unlimited,13.0
399,united_states,40.0,Arabella Hampton,True,aavail_unlimited,18.0
400,united_states,22.0,Siena Watson,True,aavail_premium,21.0
401,singapore,21.0,Brodie Hill,True,aavail_premium,16.0
402,united_states,49.0,Joanna Rivers,True,aavail_basic,22.0
403,united_states,30.0,Ben Sanders,True,aavail_unlimited,21.0
404,singapore,20.0,Ember Mcdaniel,True,aavail_premium,
405,united_states,41.0,Eugene Koch,True,aavail_unlimited,25.0
406,singapore,15.0,Greta Greer,True,aavail_unlimited,22.0
407,united_states,38.0,Camdyn Pugh,True,aavail_premium,19.0
408,united_states,41.0,Gary Gibbs,False,aavail_unlimited,14.0
409,united_states,26.0,Lilian Larson,False,,25.0
410,united_states,44.0,Gunnar Powers,True,aavail_unlimited,12.0
411,united_states,23.0,Brecken Alfaro,False,aavail_premium,22.0
412,singapore,41.0,Carolyn Fowler,True,aavail_premium,21.0
413,singapore,22.0,Nadia Coleman,False,aavail_basic,18.0
414,united_states,34.0,Ahmad Dougherty,True,aavail_unlimited,21.0
415,united_states,23.0,Alianna Schaefer,True,aavail_premium,23.0
416,united_states,21.0,Jacoby Cherry,True,aavail_unlimited,16.0
417,united_states,19.0,Jensen Meadows,True,,13.0
418,united_states,38.0,Remington Rojas,True,aavail_basic,18.0
419,united_states,50.0,Rebekah Graves,True,aavail_basic,22.0
420,united_states,42.0,Jazmine Zhang,True,aavail_premium,17.0
421,united_states,45.0,Sarah Mcmillan,True,aavail_basic,20.0
422,singapore,21.0,Leia Macias,False,aavail_premium,6.0
423,singapore,26.0,Erick Kane,True,aavail_basic,20.0
424,singapore,19.0,Jamal Wolfe,False,aavail_premium,15.0
425,singapore,14.0,Myles Barr,False,aavail_basic,16.0
426,united_states,20.0,Dangelo Douglas,True,aavail_premium,20.0
427,singapore,25.0,Case Stout,True,aavail_basic,19.0
428,united_states,17.0,Melissa Cameron,True,aavail_basic,24.0
429,singapore,18.0,Nathan Ruiz,False,aavail_basic,22.0
430,singapore,23.0,Cameron Becker,False,aavail_unlimited,6.0
431,united_states,31.0,Houston Benton,True,aavail_unlimited,8.0
432,united_states,43.0,Kiana Craig,True,aavail_unlimited,14.0
433,singapore,45.0,Alison Cline,False,aavail_basic,17.0
434,united_states,38.0,Cullen Daniels,True,aavail_unlimited,19.0
435,united_states,19.0,Lawrence Buck,True,aavail_unlimited,20.0
436,united_states,18.0,Jaylene Barry,False,aavail_unlimited,25.0
437,singapore,35.0,Cassius Finley,False,aavail_basic,19.0
438,singapore,23.0,Milena Melendez,False,,28.0
439,united_states,26.0,Maggie Glenn,True,aavail_premium,19.0
440,singapore,20.0,Nolan Salas,True,aavail_premium,21.0
441,singapore,18.0,Ricardo Howell,True,aavail_unlimited,22.0
442,united_states,23.0,Judith Hunt,True,aavail_basic,19.0
443,united_states,24.0,Alvin Cooper,True,aavail_basic,18.0
444,united_states,27.0,Adrian Roth,True,aavail_premium,16.0
445,united_states,24.0,Adeline Mcfarland,True,aavail_basic,22.0
446,united_states,24.0,Iris Hernandez,True,aavail_basic,20.0
447,united_states,46.0,Kimber Roberts,True,aavail_unlimited,20.0
448,singapore,21.0,Raina Ayala,True,,13.0
449,united_states,29.0,Moshe Mccormick,True,aavail_unlimited,22.0
450,united_states,48.0,Kase Watkins,True,aavail_premium,15.0
451,singapore,21.0,Helena Garrison,True,aavail_basic,19.0
452,united_states,21.0,Ace Crane,True,aavail_unlimited,23.0
453,singapore,27.0,George Butler,False,aavail_unlimited,12.0
454,singapore,19.0,Mallory Wilcox,False,aavail_basic,
455,united_states,17.0,Nehemiah Bravo,True,aavail_premium,14.0
456,united_states,35.0,Tadeo Davis,False,aavail_basic,12.0
457,united_states,23.0,Kellen Castillo,True,,18.0
458,united_states,23.0,Kevin Garcia,True,aavail_premium,11.0
459,singapore,21.0,Noah Vaughan,True,aavail_basic,10.0
460,united_states,25.0,Damien Berry,True,aavail_unlimited,19.0
461,singapore,19.0,Nixon Perkins,True,aavail_basic,8.0
462,united_states,22.0,Malaya Tang,True,aavail_premium,24.0
463,united_states,21.0,Raelyn Acosta,True,aavail_basic,17.0
464,united_states,19.0,Asa Pierce,True,aavail_unlimited,18.0
465,united_states,23.0,Amanda Cox,True,aavail_unlimited,8.0
466,united_states,25.0,Ridge Christian,True,aavail_premium,22.0
467,singapore,38.0,Kylo Kaur,False,aavail_basic,22.0
468,singapore,29.0,Kayla Bennett,False,aavail_unlimited,11.0
469,united_states,25.0,Atticus Morris,True,aavail_basic,
470,united_states,14.0,Catalina Arroyo,True,aavail_premium,13.0
471,united_states,40.0,Kamari Waller,True,aavail_premium,19.0
472,singapore,23.0,Nancy Webster,True,aavail_basic,19.0
473,united_states,22.0,Ali Rivera,False,,20.0
474,singapore,50.0,Alondra Middleton,True,aavail_basic,11.0
475,singapore,44.0,Braylen Compton,False,aavail_unlimited,13.0
476,united_states,26.0,Evelynn Stewart,True,aavail_premium,22.0
477,united_states,23.0,Emmitt Hoffman,True,aavail_unlimited,17.0
478,singapore,32.0,Bobby Anderson,True,aavail_basic,12.0
479,united_states,40.0,Ivanna Owen,True,aavail_unlimited,23.0
480,singapore,39.0,Maddux Liu,True,aavail_unlimited,18.0
481,singapore,26.0,Regina Quinn,False,aavail_unlimited,8.0
482,united_states,24.0,Raquel Walls,True,aavail_premium,21.0
483,united_states,27.0,Kendall Gordon,True,aavail_premium,11.0
484,singapore,34.0,Sierra Whitaker,False,aavail_premium,4.0
485,singapore,21.0,Angelo Santiago,True,aavail_basic,15.0
486,singapore,22.0,Averie Delarosa,True,aavail_premium,17.0
487,united_states,39.0,Bentley Terry,True,aavail_unlimited,16.0
488,singapore,24.0,Henrik Pearson,False,aavail_unlimited,15.0
489,singapore,38.0,Pearl Wood,False,aavail_unlimited,5.0
490,singapore,21.0,Kelsey Jones,False,aavail_premium,13.0
491,singapore,20.0,Terrell Burch,False,aavail_basic,19.0
492,united_states,20.0,Alaina Hull,True,aavail_premium,21.0
493,singapore,38.0,Maverick Wang,True,aavail_premium,7.0
494,singapore,20.0,Quincy Nunez,False,aavail_premium,13.0
495,united_states,25.0,Oscar Black,False,aavail_premium,26.0
496,united_states,38.0,Achilles Lang,True,aavail_basic,21.0
497,united_states,16.0,Deacon Porter,True,aavail_unlimited,21.0
498,singapore,18.0,Romeo Campbell,True,aavail_basic,16.0
499,united_states,28.0,Eloise Hendricks,True,aavail_premium,27.0
500,united_states,21.0,Hayley Harrell,True,aavail_unlimited,19.0
501,united_states,23.0,Madelynn Conley,True,aavail_premium,19.0
502,united_states,18.0,Nelson Avalos,True,aavail_basic,20.0
503,singapore,22.0,Silas Bass,False,,11.0
504,singapore,20.0,Amora Phillips,True,aavail_basic,19.0
505,singapore,17.0,Alejandra Wilkins,True,aavail_basic,10.0
506,singapore,27.0,Genesis Yoder,True,aavail_basic,20.0
507,singapore,27.0,Skylar Rosario,False,aavail_basic,15.0
508,united_states,22.0,Ariana Waters,True,aavail_basic,17.0
509,united_states,26.0,Amaia Zavala,False,aavail_unlimited,23.0
510,united_states,28.0,Josephine Bartlett,True,aavail_basic,16.0
511,united_states,25.0,Maddison Cohen,True,aavail_premium,18.0
512,united_states,49.0,Kade Norman,True,aavail_premium,20.0
513,united_states,23.0,Claire Brandt,True,aavail_basic,24.0
514,united_states,39.0,Hadassah Barker,True,aavail_basic,19.0
515,singapore,40.0,Andres Barrera,True,,16.0
516,united_states,24.0,Abdiel Wu,True,,20.0
517,singapore,24.0,Cyrus Case,False,aavail_premium,
518,singapore,22.0,Amia Gregory,False,aavail_basic,19.0
519,united_states,40.0,Harlee Davidson,True,aavail_basic,17.0
520,united_states,21.0,Leandro Ibarra,True,aavail_basic,18.0
521,united_states,24.0,Fabian Fuentes,True,aavail_premium,16.0
522,united_states,21.0,Brayden Oconnell,True,aavail_unlimited,16.0
523,singapore,38.0,Zara Sanchez,True,aavail_basic,20.0
524,united_states,40.0,Malaysia Callahan,True,aavail_premium,4.0
525,united_states,21.0,Cameron Hale,True,aavail_unlimited,18.0
526,singapore,23.0,Thaddeus Spencer,True,aavail_basic,19.0
527,united_states,25.0,Jayce Logan,True,aavail_basic,17.0
528,singapore,19.0,Gabriel Hughes,False,aavail_premium,5.0
529,united_states,40.0,Jericho Mata,True,aavail_unlimited,21.0
530,singapore,24.0,Virginia Peralta,False,aavail_unlimited,21.0
531,united_states,24.0,Oakley Mcdonald,True,aavail_premium,19.0
532,united_states,24.0,Jimena Wilkinson,True,aavail_premium,19.0
533,singapore,40.0,Ella Daugherty,True,aavail_basic,17.0
534,united_states,36.0,Jason Salinas,True,aavail_premium,21.0
535,united_states,20.0,Ryann Briggs,True,aavail_basic,20.0
536,united_states,39.0,Heidi Andrade,True,,17.0
537,united_states,17.0,Queen Farrell,True,aavail_unlimited,17.0
538,united_states,25.0,Hendrix Wyatt,True,aavail_basic,24.0
539,singapore,24.0,Emory Schmitt,False,aavail_unlimited,8.0
540,united_states,25.0,Ryan Ward,True,aavail_basic,22.0
541,united_states,20.0,Sarai Parrish,True,aavail_basic,15.0
542,united_states,46.0,Whitley Ware,True,aavail_premium,17.0
543,singapore,25.0,Jameson Matthews,False,aavail_unlimited,14.0
544,united_states,25.0,Mariana Shields,False,aavail_premium,18.0
545,united_states,22.0,Kara Jaramillo,False,,18.0
546,united_states,24.0,Knox Payne,True,aavail_unlimited,22.0
547,united_states,39.0,Cayden Pitts,True,aavail_basic,20.0
548,united_states,23.0,Alyssa Costa,True,aavail_basic,20.0
549,singapore,20.0,Solomon Murillo,False,aavail_unlimited,16.0
550,united_states,41.0,Miah Sawyer,False,aavail_basic,21.0
551,united_states,25.0,Josue Casey,False,aavail_unlimited,9.0
552,singapore,27.0,Kadence Johnston,False,aavail_basic,17.0
553,united_states,23.0,Harrison Byrd,True,aavail_basic,20.0
554,united_states,18.0,Alec Kerr,False,aavail_premium,24.0
555,united_states,42.0,Rose Potter,True,aavail_unlimited,19.0
556,united_states,43.0,Kaleb Newman,True,aavail_unlimited,20.0
557,united_states,21.0,Phoenix Medrano,True,aavail_premium,22.0
558,united_states,43.0,Terry Vu,False,aavail_basic,13.0
559,singapore,18.0,Luella Thornton,True,aavail_basic,16.0
560,united_states,27.0,Jaylee Mercado,True,aavail_unlimited,14.0
561,united_states,24.0,Sara Singleton,False,aavail_unlimited,22.0
562,united_states,20.0,Kylan Savage,True,aavail_unlimited,22.0
563,united_states,19.0,Watson Moody,False,aavail_basic,21.0
564,united_states,20.0,Anson Diaz,True,aavail_unlimited,21.0
565,united_states,39.0,Bo Allen,True,aavail_unlimited,21.0
566,united_states,20.0,Cain Glover,True,aavail_basic,
567,united_states,22.0,Koda Chang,True,aavail_basic,20.0
568,united_states,23.0,Zayn Aguilar,True,aavail_basic,22.0
569,united_states,27.0,Nathalie Horn,False,aavail_premium,13.0
570,united_states,20.0,Aron Sosa,True,aavail_basic,14.0
571,united_states,18.0,Santino Haley,False,aavail_premium,20.0
572,united_states,36.0,Genevieve Bullock,False,aavail_unlimited,23.0
573,singapore,19.0,Chris Pennington,True,aavail_unlimited,17.0
574,singapore,22.0,Khaleesi Crawford,False,aavail_premium,15.0
575,united_states,20.0,Scarlette Hamilton,True,aavail_basic,22.0
576,united_states,21.0,Mae Willis,True,aavail_basic,19.0
577,singapore,22.0,James Prince,False,aavail_unlimited,16.0
578,united_states,33.0,Milani Mann,False,aavail_unlimited,17.0
579,united_states,26.0,Elias Dennis,True,aavail_premium,15.0
580,singapore,20.0,Avery Holmes,False,aavail_unlimited,12.0
581,singapore,21.0,Guillermo Pratt,True,aavail_basic,20.0
582,united_states,24.0,Tatiana Abbott,True,aavail_unlimited,15.0
583,united_states,20.0,Mathias Mills,True,,21.0
584,united_states,46.0,Liam Taylor,True,aavail_unlimited,4.0
585,united_states,23.0,Lea Weeks,True,aavail_premium,15.0
586,united_states,45.0,Trey Cervantes,True,aavail_basic,14.0
587,united_states,23.0,Jeremias Castro,True,,21.0
588,united_states,44.0,Matias Velasquez,True,aavail_basic,24.0
589,united_states,22.0,Milan Raymond,True,aavail_unlimited,22.0
590,united_states,19.0,Zachariah Zuniga,True,aavail_basic,22.0
591,united_states,26.0,Yahir Harding,True,aavail_basic,
592,united_states,46.0,Aubrey Meyers,True,aavail_premium,8.0
593,united_states,30.0,Kairo Golden,True,aavail_basic,18.0
594,united_states,23.0,Martin Baker,True,aavail_basic,23.0
595,singapore,19.0,Dream Esparza,False,aavail_premium,21.0
596,united_states,40.0,Maximus Turner,True,aavail_unlimited,18.0
597,united_states,22.0,Hazel Alexander,True,aavail_premium,21.0
598,united_states,37.0,Leroy Carter,True,aavail_unlimited,25.0
599,united_states,25.0,Joaquin Keith,True,aavail_premium,19.0
600,singapore,20.0,Walter French,True,aavail_unlimited,11.0
601,singapore,23.0,Wilson Henson,True,aavail_basic,18.0
602,united_states,34.0,Juan Mckee,True,aavail_unlimited,10.0
603,singapore,23.0,Shiloh Carlson,False,,10.0
604,united_states,34.0,Jefferson Roy,True,aavail_premium,25.0
605,united_states,26.0,Briar Vaughn,True,aavail_basic,14.0
606,united_states,24.0,King Gaines,True,aavail_basic,20.0
607,united_states,25.0,Kolton Harmon,True,aavail_premium,20.0
608,united_states,21.0,Amos Dorsey,True,aavail_basic,21.0
609,united_states,47.0,Sam Bridges,True,aavail_unlimited,18.0
610,singapore,37.0,Ayla Henry,False,aavail_unlimited,7.0
611,united_states,47.0,Konnor Chambers,True,aavail_unlimited,19.0
612,united_states,39.0,Estella Ramirez,True,aavail_basic,23.0
613,united_states,24.0,June Williams,True,aavail_basic,22.0
614,united_states,20.0,Juelz Wong,True,aavail_premium,20.0
615,singapore,36.0,Nova Montgomery,True,,9.0
616,singapore,26.0,Amani Felix,False,aavail_unlimited,23.0
617,united_states,33.0,Moises Wagner,True,aavail_basic,21.0
618,singapore,37.0,Joshua Woodard,False,,22.0
619,united_states,25.0,Alice Montoya,False,aavail_premium,21.0
620,united_states,50.0,Evie Mason,True,aavail_basic,20.0
621,united_states,24.0,Isaac Buckley,True,aavail_basic,19.0
622,singapore,21.0,Hayden Shannon,True,,13.0
623,united_states,21.0,Callen Villegas,True,aavail_unlimited,9.0
624,united_states,28.0,Zakai Jimenez,True,aavail_unlimited,20.0
625,singapore,21.0,Karter Simon,False,aavail_unlimited,13.0
626,singapore,26.0,Charlie Elliott,True,aavail_basic,16.0
627,united_states,33.0,Francis Cuevas,True,aavail_unlimited,16.0
628,united_states,53.0,Ruby Fischer,True,aavail_unlimited,25.0
629,united_states,23.0,Jesiah Chapman,True,aavail_unlimited,24.0
630,united_states,21.0,Davis Pena,True,,19.0
631,singapore,35.0,Yareli Person,False,aavail_basic,14.0
632,singapore,18.0,Holly Sloan,False,aavail_basic,8.0
633,singapore,23.0,Killian Hahn,False,aavail_unlimited,18.0
634,singapore,22.0,Reign Pineda,True,aavail_unlimited,16.0
635,united_states,28.0,Phillip Zamora,True,aavail_unlimited,25.0
636,singapore,20.0,Jadiel Lucero,False,aavail_unlimited,18.0
637,united_states,44.0,Holden Osborne,True,aavail_basic,10.0
638,united_states,29.0,Frederick Andersen,False,aavail_basic,22.0
639,united_states,23.0,Fisher Padilla,True,aavail_unlimited,23.0
640,singapore,23.0,Johan Beard,False,aavail_unlimited,14.0
641,singapore,20.0,Boone Larsen,True,aavail_unlimited,11.0
642,singapore,23.0,Payton Coffey,True,aavail_premium,24.0
643,singapore,40.0,Azariah Mathews,False,aavail_premium,11.0
644,united_states,39.0,Diego Mueller,True,aavail_unlimited,20.0
645,singapore,23.0,Brycen Hogan,False,aavail_unlimited,12.0
646,singapore,33.0,Jaycee Powell,False,aavail_basic,22.0
647,singapore,39.0,Karson Johns,True,aavail_unlimited,12.0
648,united_states,34.0,Addisyn George,False,aavail_premium,22.0
649,united_states,26.0,Aylin Wiley,True,,18.0
650,singapore,19.0,Patrick Robertson,False,aavail_basic,8.0
651,united_states,26.0,Terrence House,True,aavail_premium,19.0
652,singapore,23.0,Ivan Andrews,False,aavail_premium,19.0
653,united_states,24.0,Caspian Beltran,True,aavail_premium,18.0
654,united_states,21.0,Estrella Aguirre,True,aavail_premium,21.0
655,united_states,31.0,Alessandro Calderon,True,,19.0
656,united_states,42.0,Stanley Morton,True,,16.0
657,united_states,36.0,Alberto Combs,False,aavail_premium,20.0
658,singapore,19.0,Shepherd Kelley,True,aavail_premium,17.0
659,singapore,22.0,Molly Rose,True,aavail_basic,20.0
660,singapore,23.0,Julien Mccullough,False,aavail_unlimited,10.0
661,united_states,19.0,Owen David,True,aavail_premium,17.0
662,united_states,25.0,Rayna Huff,True,aavail_basic,22.0
663,united_states,26.0,Adalyn Roman,True,aavail_premium,12.0
664,united_states,21.0,Mario Rodgers,True,aavail_basic,18.0
665,united_states,50.0,Dustin Ford,True,,21.0
666,united_states,19.0,Larry Dunlap,True,aavail_unlimited,18.0
667,united_states,47.0,Bradley Pittman,True,aavail_premium,19.0
668,united_states,21.0,Ezra Lozano,True,aavail_unlimited,21.0
669,singapore,23.0,Franco Kirby,False,aavail_premium,
670,united_states,21.0,Weston Sweeney,True,aavail_unlimited,16.0
671,united_states,23.0,Melvin Hensley,True,aavail_unlimited,16.0
672,united_states,23.0,Kyla Olson,True,aavail_basic,23.0
673,united_states,18.0,Rex Bates,False,aavail_premium,17.0
674,united_states,19.0,Sean Reeves,True,aavail_unlimited,18.0
675,united_states,14.0,Blake Mendoza,True,aavail_unlimited,24.0
676,singapore,25.0,Dana Frye,False,aavail_premium,14.0
677,united_states,50.0,Quentin Knight,True,aavail_basic,23.0
678,singapore,23.0,Grady Day,False,aavail_premium,12.0
679,united_states,36.0,Kamiyah Myers,True,aavail_premium,19.0
680,united_states,25.0,Edith Guzman,True,aavail_unlimited,17.0
681,united_states,42.0,Bailee Greene,True,aavail_basic,18.0
682,united_states,25.0,Cory Doyle,True,aavail_premium,20.0
683,singapore,19.0,Draven Summers,True,aavail_basic,14.0
684,united_states,22.0,Paisley Lamb,True,aavail_premium,22.0
685,singapore,39.0,Destiny Barajas,False,aavail_premium,8.0
686,united_states,24.0,Zaiden Meza,True,aavail_unlimited,21.0
687,united_states,20.0,Henry Richmond,True,aavail_unlimited,19.0
688,singapore,17.0,Reed Huerta,False,aavail_unlimited,20.0
689,united_states,41.0,Brynleigh Wall,True,aavail_premium,5.0
690,singapore,41.0,Imran Lopez,True,aavail_premium,13.0
691,singapore,27.0,Ulises Cannon,False,aavail_basic,19.0
692,singapore,26.0,Lennon Hodges,True,aavail_premium,18.0
693,singapore,22.0,Jaziel Estes,False,aavail_unlimited,16.0
694,united_states,24.0,Darius Peters,True,aavail_premium,
695,united_states,40.0,Tobias Winters,True,aavail_premium,20.0
696,singapore,21.0,Evangeline Robinson,False,aavail_premium,23.0
697,singapore,20.0,Alexzander Novak,False,aavail_unlimited,8.0
698,singapore,27.0,Leonidas Ochoa,False,aavail_unlimited,10.0
699,united_states,41.0,Jamir Wilkerson,True,aavail_unlimited,20.0
700,united_states,17.0,Wesson Ramsey,True,aavail_premium,23.0
701,united_states,22.0,Vincent Stone,True,aavail_unlimited,17.0
702,united_states,23.0,Karter Wilson,True,,23.0
703,united_states,27.0,Shepard Hunter,True,,7.0
704,singapore,26.0,Jeffery Heath,False,aavail_unlimited,17.0
705,united_states,18.0,Aldo Hess,False,aavail_premium,20.0
706,united_states,23.0,Colette Sellers,True,aavail_premium,
707,singapore,25.0,Memphis Huang,False,,20.0
708,united_states,43.0,Lucy Ingram,True,aavail_unlimited,21.0
709,united_states,43.0,Demetrius Martinez,True,aavail_basic,14.0
710,united_states,23.0,Mckenzie Kelly,True,aavail_premium,
711,united_states,48.0,Juniper Walton,True,aavail_basic,19.0
712,united_states,21.0,Mathew Ballard,True,aavail_premium,12.0
713,united_states,24.0,Porter Thompson,True,aavail_unlimited,18.0
714,singapore,18.0,Lincoln Meyer,False,aavail_premium,18.0
715,united_states,21.0,Troy Corona,True,aavail_basic,19.0
716,united_states,23.0,Hadlee Walker,False,aavail_basic,21.0
717,united_states,24.0,Renata Fuller,False,aavail_premium,25.0
718,united_states,22.0,Etta Joseph,False,aavail_premium,23.0
719,singapore,21.0,Emmett Evans,False,aavail_basic,18.0
720,singapore,22.0,Mylah Cummings,True,aavail_premium,20.0
721,singapore,24.0,Violet Duke,False,aavail_basic,21.0
722,united_states,23.0,Samir Mclaughlin,True,aavail_premium,
723,singapore,43.0,Zander Cisneros,False,aavail_premium,12.0
724,singapore,39.0,Lylah Sandoval,False,aavail_unlimited,16.0
725,united_states,19.0,Conner Stanley,True,aavail_basic,13.0
726,singapore,19.0,Leona Beil,True,aavail_basic,17.0
727,singapore,18.0,Bruce Carpenter,False,aavail_unlimited,17.0
728,united_states,47.0,Kennedi Galvan,True,aavail_premium,22.0
729,united_states,27.0,Briggs Clark,True,aavail_premium,20.0
730,united_states,24.0,Zev Cochran,True,aavail_basic,
731,united_states,22.0,Lyric Boone,True,aavail_premium,17.0
732,united_states,21.0,Aiyana Carroll,True,aavail_basic,13.0
733,singapore,20.0,Kelly Goodman,True,aavail_basic,
734,united_states,27.0,Augustus Walsh,True,aavail_unlimited,18.0
735,united_states,25.0,Dante Avery,True,aavail_premium,21.0
736,united_states,29.0,Ariel Ball,False,aavail_basic,25.0
737,united_states,37.0,Armando Portillo,True,aavail_unlimited,22.0
738,singapore,35.0,Marley Bernal,False,,20.0
739,united_states,21.0,Mark Knapp,True,aavail_unlimited,22.0
740,singapore,25.0,Layne Wolf,False,aavail_premium,17.0
741,united_states,22.0,Enoch Brady,True,aavail_basic,15.0
742,united_states,41.0,Otis Hopkins,True,aavail_unlimited,19.0
743,united_states,22.0,Bristol Strong,True,aavail_basic,23.0
744,singapore,28.0,Mustafa Kemp,False,aavail_unlimited,4.0
745,united_states,27.0,Arturo Barron,True,aavail_unlimited,21.0
746,singapore,23.0,Justice Dawson,False,aavail_unlimited,20.0
747,united_states,23.0,Lochlan Guevara,False,aavail_unlimited,17.0
748,united_states,24.0,Colson Mendez,True,aavail_premium,15.0
749,singapore,18.0,Nevaeh Warner,False,aavail_unlimited,18.0
750,united_states,23.0,Heavenly Herring,True,,2.0
751,united_states,20.0,Angel Rogers,False,aavail_unlimited,17.0
752,united_states,48.0,Ruth Pope,True,aavail_unlimited,18.0
753,united_states,18.0,Aubree Nixon,True,aavail_unlimited,22.0
754,united_states,39.0,Roman Wallace,True,aavail_unlimited,17.0
755,united_states,21.0,Alfonso Chavez,True,aavail_premium,24.0
756,united_states,20.0,Amiya Shah,False,,21.0
757,united_states,25.0,Lorelei Hall,True,aavail_premium,17.0
758,united_states,19.0,Anderson Yang,True,,16.0
759,united_states,42.0,Jane Mcmahon,False,aavail_basic,22.0
760,united_states,20.0,Meghan Conway,False,aavail_unlimited,19.0
761,singapore,23.0,Heath Valenzuela,False,,27.0
762,singapore,18.0,Alvaro Steele,False,aavail_premium,15.0
763,united_states,20.0,Devon Branch,True,aavail_basic,19.0
764,united_states,18.0,Celeste Holt,True,aavail_basic,
765,singapore,42.0,Amari Griffith,False,aavail_premium,11.0
766,united_states,49.0,Maximiliano Singh,True,aavail_premium,23.0
767,united_states,25.0,Elliot Mccarthy,True,aavail_basic,19.0
768,united_states,21.0,Mina Jensen,False,aavail_basic,16.0
769,united_states,22.0,Spencer Yates,True,aavail_basic,16.0
770,united_states,26.0,Alani Correa,True,aavail_basic,23.0
771,united_states,21.0,River Marks,True,aavail_unlimited,10.0
772,united_states,21.0,Aaliyah Duarte,True,aavail_premium,22.0
773,united_states,19.0,Kason Chung,True,aavail_unlimited,17.0
774,united_states,19.0,Damon Boyer,True,aavail_basic,
775,singapore,20.0,Opal Jacobs,True,aavail_premium,10.0
776,singapore,21.0,Talon Hayes,True,aavail_basic,
777,united_states,21.0,Lawson Vo,True,aavail_premium,22.0
778,singapore,23.0,Paige Bryant,True,aavail_unlimited,16.0
779,united_states,29.0,Kehlani Ferguson,True,aavail_premium,22.0
780,united_states,19.0,Ellianna Gates,False,aavail_unlimited,12.0
781,united_states,23.0,Kassidy Macdonald,True,aavail_premium,23.0
782,united_states,24.0,Jose Harrison,True,aavail_unlimited,22.0
783,united_states,41.0,Iker Berger,True,aavail_basic,15.0
784,united_states,22.0,Cristiano Smith,True,aavail_basic,24.0
785,united_states,20.0,Rhett Leal,True,aavail_premium,22.0
786,singapore,22.0,Blake Harris,True,aavail_basic,21.0
787,united_states,47.0,Jake Banks,True,aavail_basic,16.0
788,united_states,40.0,Zaire Cook,True,aavail_premium,21.0
789,united_states,22.0,Christopher Hendrix,True,aavail_basic,22.0
790,united_states,34.0,Mercy Tapia,True,aavail_basic,14.0
791,singapore,36.0,Kenzo Pollard,False,aavail_unlimited,22.0
792,singapore,38.0,Clyde Caldwell,True,aavail_basic,14.0
793,united_states,24.0,Kamden Barton,True,aavail_unlimited,23.0
794,united_states,28.0,Aria Vasquez,True,aavail_premium,22.0
795,singapore,22.0,Sullivan Mccall,False,aavail_premium,14.0
796,united_states,36.0,Monroe Oliver,True,aavail_unlimited,21.0
797,united_states,21.0,Brianna Pham,True,aavail_premium,20.0
798,united_states,20.0,Axton Jackson,True,aavail_premium,15.0
799,united_states,19.0,Cecelia Odom,True,aavail_premium,20.0
800,united_states,40.0,Celia Brewer,True,aavail_unlimited,14.0
801,singapore,49.0,Kora Snow,False,aavail_unlimited,17.0
802,united_states,18.0,Emilio Cruz,True,aavail_basic,19.0
803,united_states,37.0,Sterling Lucas,True,aavail_premium,21.0
804,united_states,25.0,Autumn Rich,True,,22.0
805,united_states,38.0,Koa Villarreal,True,aavail_unlimited,18.0
806,singapore,15.0,Dylan Potts,False,aavail_premium,21.0
807,united_states,23.0,Kinley Hancock,True,aavail_basic,
808,singapore,43.0,Aspen Gardner,True,aavail_premium,13.0
809,united_states,19.0,Jamison Hansen,False,aavail_basic,13.0
810,united_states,39.0,Andy Le,True,aavail_unlimited,25.0
811,singapore,20.0,Paola Cole,True,aavail_basic,
812,singapore,19.0,Frankie Molina,False,aavail_basic,23.0
813,singapore,26.0,Wyatt Nielsen,True,aavail_basic,17.0
814,united_states,22.0,Daisy Olsen,True,aavail_unlimited,23.0
815,singapore,24.0,Kylee Dillon,False,aavail_basic,18.0
816,united_states,27.0,Onyx Vang,True,aavail_basic,20.0
817,united_states,23.0,Eli Duran,False,aavail_premium,20.0
818,united_states,18.0,Elliott Perez,True,aavail_premium,20.0
819,united_states,33.0,Rey Farmer,False,,19.0
820,united_states,40.0,Elian Simmons,True,aavail_unlimited,22.0
821,singapore,21.0,Ashlynn Ahmed,False,aavail_basic,19.0
822,singapore,39.0,Issac Marquez,False,aavail_unlimited,16.0
823,united_states,20.0,Ignacio Brennan,True,aavail_premium,
824,singapore,21.0,Nathaniel Strickland,True,,17.0
825,united_states,46.0,Reece Gonzalez,True,aavail_basic,15.0
826,singapore,35.0,Kinsley Rollins,True,aavail_basic,20.0
827,united_states,22.0,Xzavier Campos,True,aavail_basic,23.0
828,singapore,46.0,Will Gentry,True,aavail_basic,16.0
829,united_states,22.0,Elyse Nicholson,False,aavail_unlimited,21.0
830,singapore,40.0,Ledger Hanna,True,aavail_basic,9.0
831,united_states,24.0,Seth Vance,False,aavail_unlimited,22.0
832,united_states,24.0,Calvin Neal,True,aavail_premium,14.0
833,united_states,23.0,Jax Jordan,True,aavail_unlimited,23.0
834,singapore,23.0,Shane Lambert,False,aavail_unlimited,18.0
835,singapore,21.0,Westin Bowers,False,aavail_premium,16.0
836,singapore,33.0,Colton Mitchell,True,aavail_premium,10.0
837,singapore,26.0,Payton Silva,True,aavail_basic,18.0
838,united_states,20.0,Malakai Booker,True,,21.0
839,united_states,27.0,Dakari Cantrell,True,aavail_basic,
840,singapore,19.0,Zoie Cortes,False,aavail_premium,
841,united_states,21.0,Mitchell Arellano,False,aavail_premium,20.0
842,singapore,21.0,Allison Villalobos,False,aavail_premium,3.0
843,united_states,24.0,Leighton Brooks,True,aavail_basic,8.0
844,united_states,25.0,Millie Mcclure,True,aavail_premium,19.0
845,united_states,18.0,Darian Ho,True,aavail_premium,21.0
846,united_states,33.0,Grayson Malone,False,aavail_unlimited,27.0
847,united_states,53.0,Maximilian Nolan,True,aavail_premium,22.0
848,singapore,19.0,Everly Horne,True,aavail_basic,19.0
849,united_states,18.0,Callan Truong,True,aavail_basic,17.0
850,united_states,27.0,Mack Cantu,True,aavail_premium,21.0
851,united_states,24.0,Theo Russo,False,aavail_basic,18.0
852,united_states,20.0,Brittany Hardy,True,aavail_basic,16.0
853,united_states,22.0,Ronan Bowen,True,aavail_basic,12.0
854,united_states,27.0,Anika Lane,True,,20.0
855,united_states,22.0,Kayson Oconnor,False,,20.0
856,united_states,22.0,Evan Weiss,True,aavail_unlimited,20.0
857,united_states,40.0,Chad Jenkins,True,aavail_premium,20.0
858,singapore,46.0,Giovanni Richards,False,aavail_unlimited,15.0
859,singapore,20.0,Miles Friedman,False,aavail_unlimited,5.0
860,united_states,20.0,Langston Ponce,True,aavail_basic,16.0
861,singapore,31.0,Jaylah Church,False,aavail_unlimited,17.0
862,united_states,57.0,Rene Howe,True,aavail_premium,23.0
863,united_states,26.0,Bryant English,True,aavail_premium,19.0
864,singapore,27.0,David Huynh,False,aavail_basic,18.0
865,united_states,20.0,Raul May,True,aavail_basic,16.0
866,united_states,26.0,Coleman Reyna,True,aavail_premium,23.0
867,singapore,21.0,Marcelo Wells,True,aavail_unlimited,15.0
868,united_states,24.0,Decker Lindsey,True,aavail_basic,20.0
869,singapore,26.0,Joyce Short,True,aavail_basic,20.0
870,united_states,23.0,Bria Hartman,False,aavail_premium,21.0
871,united_states,45.0,Victor Bautista,False,aavail_premium,22.0
872,united_states,22.0,Avi Martin,True,aavail_basic,17.0
873,united_states,24.0,Amaris Rice,True,,23.0
874,united_states,20.0,Jermaine Mckay,True,aavail_premium,14.0
875,singapore,26.0,Jack Franco,False,aavail_unlimited,12.0
876,united_states,38.0,Johnny Clarke,False,aavail_premium,20.0
877,united_states,22.0,Lainey Baldwin,True,aavail_basic,21.0
878,united_states,20.0,Emmeline Moon,True,aavail_unlimited,22.0
879,singapore,38.0,Manuel Foley,False,aavail_basic,15.0
880,united_states,20.0,Cruz Burke,True,aavail_premium,20.0
881,united_states,45.0,Rowen Owens,True,aavail_premium,22.0
882,united_states,18.0,Serenity Ali,True,aavail_basic,24.0
883,united_states,20.0,Milo Wiggins,True,,22.0
884,singapore,22.0,Hamza Frost,False,aavail_unlimited,13.0
885,united_states,20.0,Makayla Williamson,True,aavail_premium,23.0
886,united_states,44.0,Wallace Faulkner,False,aavail_unlimited,6.0
887,united_states,41.0,Alaya Patterson,True,aavail_premium,21.0
888,singapore,22.0,Alexis Price,False,aavail_unlimited,10.0
889,singapore,23.0,Quinn Murphy,False,aavail_unlimited,15.0
890,united_states,40.0,Lennox Dickerson,True,aavail_premium,21.0
891,united_states,43.0,Jasmine Sampson,True,aavail_unlimited,9.0
892,singapore,21.0,Penelope Shaw,True,aavail_basic,
893,united_states,24.0,Sunny Rocha,True,aavail_basic,14.0
894,united_states,21.0,Cohen Phelps,True,aavail_basic,17.0
895,united_states,30.0,Paisleigh Bauer,True,aavail_unlimited,17.0
896,singapore,25.0,Ryder Welch,False,aavail_basic,19.0
897,united_states,22.0,Jordan Escobar,True,aavail_basic,18.0
898,united_states,39.0,Ramona Donovan,True,aavail_premium,21.0
899,singapore,27.0,Keenan Krueger,True,aavail_basic,19.0
900,united_states,30.0,Emery Blankenship,True,aavail_basic,20.0
901,united_states,21.0,Timothy Hayden,True,aavail_premium,20.0
902,united_states,21.0,Maximo Bonilla,False,aavail_basic,14.0
903,united_states,21.0,Waylon Kline,True,aavail_basic,
904,united_states,24.0,Uriel Hudson,True,aavail_basic,18.0
905,united_states,27.0,Kannon Russell,True,aavail_unlimited,22.0
906,united_states,21.0,Xiomara Benjamin,True,aavail_basic,20.0
907,singapore,30.0,Samira Roach,False,aavail_premium,16.0
908,singapore,45.0,Thiago Foster,True,aavail_basic,18.0
909,united_states,24.0,Alonzo Li,False,aavail_premium,22.0
910,singapore,22.0,Maxton Tyler,True,aavail_basic,21.0
911,united_states,24.0,Yael Gill,True,aavail_premium,16.0
912,singapore,27.0,Ray Lynn,True,aavail_basic,20.0
913,singapore,21.0,Amara Boyle,False,aavail_premium,13.0
914,united_states,17.0,Orlando Gonzales,True,aavail_unlimited,18.0
915,united_states,24.0,Aries Parra,True,aavail_basic,19.0
916,united_states,21.0,Matteo Townsend,True,aavail_basic,14.0
917,singapore,23.0,Tatum Atkinson,False,aavail_unlimited,15.0
918,united_states,24.0,Nyla Burton,True,aavail_basic,17.0
919,united_states,24.0,Jenna Poole,True,aavail_basic,18.0
920,singapore,23.0,Drake Love,False,aavail_premium,9.0
921,singapore,20.0,Emmaline Frank,False,aavail_premium,14.0
922,united_states,36.0,Riley Hebert,True,aavail_basic,22.0
923,united_states,32.0,Sophia Deleon,True,aavail_premium,14.0
924,united_states,14.0,Margot Marshall,True,aavail_unlimited,18.0
925,united_states,25.0,Reginald Mejia,True,aavail_unlimited,18.0
926,united_states,21.0,Dennis Sparks,True,aavail_premium,23.0
927,singapore,28.0,Preston Page,True,aavail_unlimited,20.0
928,united_states,24.0,Marvin Sutton,True,aavail_unlimited,19.0
929,united_states,36.0,Jemma Colon,False,aavail_basic,25.0
930,united_states,20.0,Jerry Cordova,True,aavail_basic,19.0
931,united_states,41.0,Chance Good,True,aavail_premium,19.0
932,singapore,25.0,Noor Stuart,True,aavail_premium,9.0
933,united_states,26.0,Carmen Blair,True,aavail_unlimited,18.0
934,united_states,39.0,Forrest Parks,True,aavail_unlimited,19.0
935,united_states,21.0,Antonio Burnett,True,aavail_premium,19.0
936,united_states,27.0,Terrance Bernard,True,aavail_unlimited,17.0
937,united_states,20.0,Jaylen Rhodes,False,aavail_basic,19.0
938,singapore,22.0,Ashley Zimmerman,False,aavail_basic,20.0
939,united_states,33.0,Hugh Livingston,True,aavail_unlimited,19.0
940,united_states,24.0,Nickolas Mays,True,aavail_basic,18.0
941,united_states,30.0,Brock Benson,True,aavail_unlimited,18.0
942,united_states,41.0,Conrad Choi,True,aavail_basic,18.0
943,singapore,37.0,Gracelynn Fry,False,aavail_unlimited,24.0
944,united_states,24.0,Cadence Holland,True,,18.0
945,singapore,24.0,Jasiah Schroeder,False,aavail_basic,16.0
946,united_states,39.0,Lionel Snyder,True,aavail_unlimited,21.0
947,united_states,22.0,Nasir Morgan,True,aavail_unlimited,22.0
948,united_states,25.0,Adaline Ortiz,True,aavail_premium,18.0
949,united_states,23.0,Aubriella Mccoy,False,aavail_basic,22.0
950,singapore,20.0,Grant Preston,False,aavail_premium,13.0
951,united_states,20.0,Annie Henderson,True,aavail_premium,23.0
952,united_states,28.0,Kayleigh Lugo,True,aavail_premium,23.0
953,united_states,20.0,Travis Harrington,True,aavail_premium,20.0
954,united_states,39.0,Haley Velez,True,aavail_premium,20.0
955,united_states,26.0,Beckham Rosales,True,aavail_premium,24.0
956,united_states,44.0,Harper Collins,True,aavail_basic,21.0
957,singapore,20.0,Stetson Kim,True,aavail_basic,20.0
958,singapore,46.0,Edgar Browning,True,aavail_premium,12.0
959,united_states,23.0,Deandre Lyons,True,aavail_premium,17.0
960,united_states,41.0,Juliana Arnold,True,aavail_unlimited,22.0
961,united_states,23.0,Nicholas Mcintyre,True,aavail_unlimited,21.0
962,singapore,39.0,Jurnee Clay,True,aavail_premium,12.0
963,united_states,28.0,Thomas Allison,True,aavail_basic,26.0
964,united_states,41.0,Dakota Gray,True,aavail_basic,21.0
965,united_states,38.0,Saint Wright,True,aavail_basic,20.0
966,united_states,21.0,Clay Rush,True,aavail_premium,22.0
967,singapore,19.0,Aniyah Moreno,True,aavail_premium,15.0
968,united_states,30.0,Samson Hicks,True,aavail_premium,20.0
969,united_states,22.0,Ezequiel Drake,True,aavail_basic,
970,singapore,48.0,Gordon Proctor,False,aavail_premium,13.0
971,united_states,27.0,Teagan Griffin,True,aavail_premium,
972,united_states,20.0,Diana Wise,True,aavail_unlimited,22.0
973,united_states,45.0,Maryam Sheppard,True,aavail_basic,17.0
974,united_states,14.0,Simon Stokes,True,aavail_unlimited,17.0
975,united_states,53.0,Leo Harper,False,aavail_basic,22.0
976,united_states,23.0,Thatcher Best,True,aavail_basic,18.0
977,united_states,25.0,Crew West,True,aavail_unlimited,20.0
978,singapore,20.0,Boston Stark,False,aavail_premium,8.0
979,singapore,25.0,Elisha Bishop,True,aavail_basic,17.0
980,united_states,20.0,Forest Bradshaw,False,aavail_premium,19.0
981,united_states,23.0,Carlos Mckenzie,True,aavail_unlimited,25.0
982,singapore,24.0,Cassandra Guerrero,True,,18.0
983,singapore,18.0,Dominic Trujillo,True,aavail_premium,
984,singapore,54.0,Westley Leon,True,aavail_basic,20.0
985,united_states,24.0,Juliette Fitzgerald,True,aavail_premium,22.0
986,united_states,26.0,Adam Burns,True,aavail_basic,19.0
987,united_states,24.0,Bianca Benitez,True,aavail_basic,
988,united_states,20.0,Soren Leach,True,aavail_premium,17.0
989,united_states,34.0,Anakin Shepherd,True,aavail_basic,13.0
990,united_states,27.0,Liv Howard,True,aavail_basic,21.0
991,singapore,24.0,Mariah Rangel,True,aavail_basic,11.0
992,united_states,17.0,Mary Newton,False,aavail_premium,20.0
993,united_states,26.0,Asher Shelton,True,aavail_unlimited,22.0
994,united_states,39.0,Zahir Cabrera,True,aavail_unlimited,7.0
995,united_states,20.0,Steven Bean,True,,21.0
996,singapore,55.0,Peyton Enriquez,False,aavail_unlimited,14.0
997,united_states,23.0,Amina Manning,True,aavail_basic,24.0
998,united_states,25.0,Brooks Ventura,True,aavail_unlimited,17.0
999,united_states,40.0,Nayeli Mathis,True,aavail_unlimited,16.0
1000,united_states,21.0,Cole Solis,True,aavail_unlimited,18.0
